id,first_name,last_name,date,hours
1,Goraud,Knifton,4/9/2020,1
2,Coriss,Lenard,11/11/2020,12
3,Shelia,Scollick,10/24/2020,1
4,Lev,Mistry,9/28/2020,8
5,Nolan,Josse,2/22/2021,9
6,Cariotta,MacAnulty,12/4/2020,12
7,Klaus,Babidge,5/20/2020,1
8,Tan,Byart,5/10/2020,10
9,Petrina,Heustace,8/8/2020,9
10,Giffy,Moulson,11/18/2020,4
11,Corinne,Gillings,8/15/2020,6
12,Lori,Oliver,3/1/2020,1
13,Gherardo,McKeran,2/29/2020,5
14,Glory,Schoffler,10/27/2020,4
15,Dix,Ghiraldi,1/26/2021,12
16,Alberto,Boxe,5/13/2020,2
17,Wileen,Cottel,4/4/2020,11
18,Susanna,Winston,3/17/2020,1
19,Neda,Larcier,2/26/2020,8
20,Merridie,Gaffon,5/26/2020,6
21,Lianna,Blazic,9/27/2020,6
22,Gusta,Daish,10/24/2020,7
23,Stanislas,Stood,4/1/2020,7
24,Wolf,Nutton,10/27/2020,5
25,Enoch,Lapere,3/6/2020,8
26,Jamie,Pury,8/21/2020,11
27,Ab,Peddar,3/9/2020,3
28,Mirella,Skelbeck,2/20/2021,3
29,Daffie,Bendle,6/23/2020,5
30,Griffith,Sheardown,7/25/2020,6
31,Sarette,Downie,8/7/2020,8
32,Fee,Botler,8/16/2020,5
33,Chadwick,Parsisson,2/2/2021,7
34,Ina,Shackesby,5/23/2020,8
35,Tabbitha,Lebond,5/27/2020,8
36,Orsola,Garrettson,8/21/2020,11
37,Dela,Whimp,9/7/2020,10
38,Bibbie,Roelofs,4/30/2020,3
39,Nealson,Mahaddie,8/29/2020,10
40,Malva,Delahunty,8/5/2020,12
41,Julieta,Strettell,8/3/2020,10
42,Briny,Ruddock,10/11/2020,12
43,Adi,Blakeston,4/6/2020,7
44,Barbe,Godby,9/17/2020,12
45,Cleavland,Goff,9/20/2020,2
46,Wilona,McBride,6/12/2020,5
47,Serena,Hazell,8/14/2020,5
48,Phillis,Poser,10/5/2020,1
49,Matty,Greensall,12/7/2020,3
50,Grannie,Mackieson,10/6/2020,5
51,Marys,Perris,11/2/2020,10
52,Caldwell,Montfort,1/3/2021,9
53,Frannie,Sherebrook,8/20/2020,4
54,Court,Queyos,2/7/2021,10
55,Mandi,Lamborne,8/24/2020,5
56,Ansel,Joynt,1/7/2021,11
57,Chris,Beddis,6/26/2020,6
58,Hester,Morch,9/24/2020,6
59,Suzette,Matyushenko,7/4/2020,5
60,Margret,Gadault,1/10/2021,12
61,Eddie,Madgin,4/24/2020,10
62,Tybie,Martinson,12/18/2020,6
63,Ari,Garioch,2/11/2021,8
64,Licha,Lippi,6/21/2020,5
65,Kordula,Stockwell,5/30/2020,8
66,Helli,Riolfi,11/11/2020,5
67,Tanny,Lambertini,8/11/2020,4
68,Dalston,Tuite,1/14/2021,8
69,Opalina,Chimienti,8/23/2020,3
70,Clare,Gilogly,5/19/2020,1
71,Floris,Mawditt,3/11/2020,9
72,Pierre,Lujan,12/27/2020,2
73,Prissie,Mallall,11/25/2020,12
74,Ichabod,Walby,3/10/2020,9
75,Tymon,Londer,3/5/2020,3
76,Susanna,Duckworth,9/24/2020,6
77,Arnie,Galsworthy,6/28/2020,5
78,Mariya,Wooles,6/23/2020,11
79,Elle,Whale,7/27/2020,12
80,Torr,Shatliffe,4/25/2020,5
81,Ewen,Cassell,4/9/2020,4
82,Rafferty,Kellington,7/19/2020,6
83,Antoni,Nezey,9/7/2020,5
84,Jdavie,Kenworthey,5/13/2020,1
85,Rik,Tollady,10/28/2020,4
86,Daphna,Carefull,7/12/2020,5
87,Jarvis,Arnould,9/22/2020,12
88,Chad,Tenny,9/29/2020,10
89,Richie,Devitt,9/7/2020,8
90,Godfrey,Bexley,2/6/2021,6
91,Jeddy,Kears,9/14/2020,1
92,Faustina,Molan,7/19/2020,5
93,Klement,Peek,2/21/2021,10
94,Wilma,Obington,10/8/2020,12
95,Cherida,Swaysland,5/13/2020,7
96,Vassili,Dagnan,7/8/2020,10
97,Kara-lynn,Peregrine,5/14/2020,9
98,Brose,Fairbeard,7/31/2020,9
99,Ceil,Groombridge,3/16/2020,6
100,Ashton,Laverty,2/18/2021,4
101,Jayson,Middis,4/12/2020,5
102,Palm,Blaver,9/6/2020,2
103,Lyn,Rookeby,1/10/2021,5
104,Sydney,Toffanelli,7/29/2020,8
105,Nataniel,Sainte Paul,7/30/2020,1
106,Luci,Featherstone,8/12/2020,1
107,Chaddy,Hyndman,1/8/2021,10
108,Tabbi,Massard,5/10/2020,12
109,Gwyneth,Rawling,6/22/2020,1
110,Emyle,Colvine,7/6/2020,10
111,Ellynn,Stairmand,12/2/2020,4
112,Persis,O'Connor,7/27/2020,10
113,Venus,Oxnam,3/28/2020,5
114,Tracy,Oakley,11/28/2020,11
115,Abner,Brambill,4/17/2020,3
116,Myrilla,Scrinage,10/17/2020,7
117,Berny,Peplay,6/20/2020,12
118,Noellyn,Biagini,12/4/2020,12
119,Hannah,Blazy,11/20/2020,9
120,Percy,Scherme,5/27/2020,4
121,Fowler,Skeleton,4/7/2020,7
122,Filippo,Red,5/27/2020,3
123,Rafaello,Corstan,5/24/2020,2
124,Gwenny,Hamblin,8/16/2020,11
125,Bronny,Yakovliv,8/22/2020,6
126,Mason,Searles,6/20/2020,8
127,Dorise,Sheere,5/4/2020,2
128,Dorice,Nathon,5/15/2020,5
129,Philippa,Shropshire,10/9/2020,5
130,Valaree,Spofford,6/28/2020,11
131,Teri,Reina,4/17/2020,1
132,Nadine,Beardshall,12/1/2020,9
133,Archer,Atherley,5/3/2020,5
134,Howie,Daventry,7/6/2020,2
135,Hyman,Dudderidge,5/14/2020,8
136,Olenolin,Glowinski,3/22/2020,1
137,Tressa,Souley,6/1/2020,9
138,Ursuline,Hughesdon,6/27/2020,8
139,Guglielmo,Keasley,11/15/2020,5
140,Bryon,Pinniger,7/28/2020,3
141,Northrup,Layne,11/4/2020,8
142,Evanne,Brunsden,7/20/2020,7
143,Jocelin,MacNeill,4/17/2020,9
144,Huntington,Trippack,6/18/2020,11
145,Marci,Hazeltine,1/25/2021,3
146,Doll,Deboick,2/23/2021,7
147,Cate,Hatchell,5/31/2020,8
148,Phillida,Marfell,10/14/2020,3
149,Dode,Esland,10/14/2020,3
150,Gabbie,Orteau,11/8/2020,10
151,Daryl,MacLise,1/31/2021,9
152,Charlotte,Cristofano,10/23/2020,12
153,Liv,Grolle,11/18/2020,12
154,Tucker,Angell,4/30/2020,10
155,Valina,Coxen,6/7/2020,1
156,Nicolai,Ugolini,9/4/2020,6
157,Friederike,Daudray,12/20/2020,9
158,Kally,Tarzey,2/21/2021,11
159,Issi,Cuthbertson,5/21/2020,9
160,Gilbert,Awde,10/15/2020,12
161,Chiquia,Copeman,2/25/2020,6
162,Sheela,Brandli,9/18/2020,4
163,Cleavland,Dunstone,5/14/2020,12
164,Finlay,Van der Merwe,4/14/2020,4
165,Dermot,Pearlman,3/29/2020,6
166,Shawna,Kevane,4/23/2020,9
167,Ginny,Slatford,8/22/2020,7
168,Esther,Orwell,2/21/2021,3
169,Nicoline,Thorlby,3/7/2020,11
170,Dulciana,Blodgetts,4/19/2020,11
171,Benedict,Roj,1/28/2021,5
172,Risa,Yurivtsev,10/31/2020,9
173,Sharyl,Franzoli,1/31/2021,8
174,Jolynn,Bhatia,5/13/2020,8
175,Geoffrey,Petrillo,2/26/2020,2
176,Corbet,McGrale,3/21/2020,6
177,Darice,Procter,9/15/2020,1
178,Vita,McGraith,1/10/2021,2
179,Ossie,Sallows,2/3/2021,1
180,Austine,Jewers,8/19/2020,12
181,Dawna,Bigley,11/6/2020,8
182,Goober,Wisedale,5/13/2020,2
183,Kissee,Beeke,9/21/2020,6
184,Rickert,Padson,3/17/2020,12
185,Adriaens,Horsell,1/10/2021,3
186,Lynnette,Du Hamel,11/25/2020,12
187,Hector,Bewsey,7/1/2020,8
188,Lukas,Bemment,4/13/2020,7
189,Fan,Sinkin,8/3/2020,8
190,Elianora,Cumine,12/7/2020,8
191,Bobina,Mulran,2/16/2021,4
192,Jeane,Rannigan,6/3/2020,3
193,Fina,Von Der Empten,8/7/2020,9
194,Janela,Morkham,4/18/2020,2
195,Collete,Gerleit,9/11/2020,5
196,Huberto,Bugby,1/29/2021,5
197,Jehanna,Bresner,6/25/2020,2
198,Charmion,Chown,10/22/2020,8
199,Heda,Joskovitch,3/4/2020,5
200,Dolf,Bodemeaid,1/16/2021,3
201,Ashien,Rosle,6/3/2020,2
202,Tabina,Bracknall,6/16/2020,11
203,Karel,Leftridge,6/21/2020,10
204,Gilbertine,O'Dooghaine,11/21/2020,7
205,Finley,Josum,5/7/2020,4
206,Kippie,Rake,1/29/2021,4
207,Julienne,Story,4/5/2020,2
208,Holly-anne,Brabbs,6/11/2020,10
209,Sadye,Goudie,2/1/2021,7
210,Ryley,Vawton,4/11/2020,6
211,Nike,Kedslie,4/3/2020,8
212,Mitchell,Sotheby,3/10/2020,11
213,Selma,Santo,4/3/2020,6
214,Perkin,Oldis,4/11/2020,3
215,Clarissa,Siege,6/7/2020,11
216,Colan,Rehme,2/20/2021,4
217,Austin,Ruxton,6/18/2020,2
218,Alberto,Gedge,5/17/2020,2
219,Siobhan,Wafer,8/7/2020,12
220,Morse,O'Cosgra,9/15/2020,6
221,Philis,Ledner,2/9/2021,7
222,Jasmin,Doswell,8/30/2020,9
223,Denny,Pagram,4/24/2020,4
224,Franzen,Springett,3/25/2020,7
225,Glenna,Fennessy,10/12/2020,1
226,Elston,Claughton,6/11/2020,9
227,Elvis,Stain,7/18/2020,3
228,Cherilyn,Bockmaster,10/29/2020,10
229,Byrann,Grimestone,6/30/2020,4
230,Basile,McBeith,12/27/2020,3
231,Krystal,Hubball,1/21/2021,2
232,Leelah,Ismay,3/16/2020,10
233,Ericha,Land,11/29/2020,9
234,Winna,Jaquiss,8/16/2020,1
235,Delila,Kort,5/2/2020,12
236,Cathy,Andersson,12/13/2020,7
237,Humfrey,O'Hagerty,7/24/2020,9
238,Owen,Pidon,2/23/2021,5
239,Talbot,Bougourd,4/14/2020,6
240,Raymund,Bartlomiej,12/24/2020,3
241,Claretta,Auden,2/20/2021,11
242,Penelope,Stebbings,8/7/2020,12
243,Tonie,Sirey,11/21/2020,5
244,Maryrose,McKeowon,4/17/2020,9
245,Cal,Rewcastle,10/8/2020,5
246,Travis,Whorton,4/3/2020,11
247,Baillie,Imeson,11/18/2020,3
248,Mitchell,Slograve,8/3/2020,9
249,Barbara,Wolfendale,2/28/2020,9
250,Kevyn,McAdam,2/19/2021,6
251,Jennie,Chellam,11/13/2020,8
252,Astrid,Houliston,1/8/2021,8
253,Aldin,Cofax,10/7/2020,8
254,Stirling,Dust,2/8/2021,4
255,Sherline,Bimrose,11/23/2020,10
256,Celie,Coddrington,1/25/2021,6
257,Nealon,Robuchon,1/26/2021,1
258,Eddy,Jovic,6/6/2020,9
259,Donetta,Mingardi,12/6/2020,8
260,Darb,Hodgen,12/23/2020,9
261,Carol,McPhelimey,6/11/2020,5
262,Orlan,McNamee,12/15/2020,8
263,Benedikta,Buist,10/9/2020,9
264,Bancroft,Tague,12/1/2020,7
265,Isaiah,Shalcros,4/21/2020,8
266,Hendrik,Sever,12/22/2020,8
267,Car,Winterbottom,1/12/2021,11
268,Huberto,Eastlake,1/25/2021,5
269,Alexandr,Rome,4/28/2020,10
270,Henderson,Thurlborn,7/17/2020,7
271,Charity,Placstone,2/7/2021,3
272,Brennan,Dockery,1/6/2021,12
273,Helge,Lammertz,5/11/2020,4
274,Lillis,M'Barron,10/7/2020,9
275,Eliot,Milbourne,6/19/2020,10
276,Bruis,Normavill,10/20/2020,6
277,Angele,Bealton,2/3/2021,2
278,Hedwiga,Castillou,3/10/2020,3
279,Reese,Bordis,4/17/2020,2
280,Lesli,Melmar,7/29/2020,1
281,Duff,Murrie,10/15/2020,9
282,Fey,Kruse,10/26/2020,9
283,Joell,Pinnegar,4/5/2020,6
284,Cam,Arnoud,10/16/2020,4
285,Winthrop,Harrowsmith,3/28/2020,1
286,Pietra,Leport,7/21/2020,3
287,Deerdre,Delgaty,1/29/2021,10
288,Luci,Folkes,4/19/2020,7
289,Christina,Ghidelli,5/14/2020,1
290,Cari,Cantwell,8/15/2020,9
291,Erv,Riden,9/15/2020,12
292,Idell,Towsey,11/10/2020,1
293,Ibbie,Mateo,9/13/2020,9
294,Dahlia,Fratczak,4/3/2020,4
295,Spenser,Dubble,1/10/2021,11
296,Prent,Fitzackerley,2/15/2021,10
297,Joseph,Edgson,7/11/2020,1
298,Cleopatra,Bakeup,10/15/2020,1
299,Iver,Covington,2/21/2021,4
300,Letizia,Sandever,8/23/2020,9
301,Aguie,Tipple,8/24/2020,2
302,Joanie,Clyburn,12/26/2020,2
303,Mitzi,Adess,1/6/2021,6
304,Shelton,Plante,2/23/2021,6
305,Micah,Scruton,4/29/2020,10
306,Corbie,Iacopo,1/6/2021,3
307,Emilee,Paffot,6/7/2020,8
308,Stacy,Murrells,3/20/2020,3
309,Bert,Worshall,6/5/2020,7
310,Laurent,Loughlin,2/26/2020,2
311,Harrietta,Papworth,3/17/2020,10
312,Hanson,Monahan,1/27/2021,7
313,Padraic,Samudio,11/15/2020,12
314,Merry,Mapam,7/11/2020,1
315,Kaitlyn,Seven,6/7/2020,6
316,Sula,Walworth,4/23/2020,7
317,Sonnie,Boundley,12/9/2020,9
318,Valaria,Duligal,9/10/2020,8
319,Kerry,Goane,5/28/2020,3
320,Viki,Phillcox,5/5/2020,11
321,Vanny,Klampt,3/11/2020,10
322,Grace,Ballantyne,2/18/2021,5
323,Nev,Bentson,12/10/2020,8
324,Giulietta,Bracer,6/15/2020,1
325,Meriel,McCafferky,5/23/2020,5
326,Eugenio,Labden,12/18/2020,9
327,Esmaria,Rozzier,12/17/2020,3
328,Marlowe,Gorges,5/19/2020,5
329,Georgie,Beaten,2/15/2021,9
330,Ulick,Drinkale,6/24/2020,8
331,Bucky,Goodyer,8/7/2020,1
332,Janeva,Padmore,10/10/2020,10
333,Leila,Spratling,3/7/2020,6
334,Rudie,Benoey,5/24/2020,2
335,Ellynn,Easen,7/12/2020,1
336,Staffard,Morfield,10/13/2020,4
337,Riki,Pullman,9/15/2020,4
338,Milena,Longland,2/19/2021,10
339,Kennett,Airth,5/11/2020,7
340,Jillie,Burrel,3/5/2020,5
341,Dottie,Lofthouse,8/7/2020,5
342,Taffy,McParland,4/18/2020,1
343,Jillene,Mepham,5/2/2020,3
344,Lesley,Norewood,1/13/2021,9
345,Barth,Pariss,4/12/2020,12
346,Torey,Semechik,4/20/2020,4
347,Letitia,Wetherick,1/26/2021,1
348,Zak,Dubarry,4/23/2020,11
349,Savina,Jahn,2/2/2021,11
350,Josselyn,Wainer,8/8/2020,6
351,Nicholle,McLice,5/9/2020,8
352,Marten,Duffyn,11/24/2020,11
353,Paige,Baxster,12/18/2020,4
354,Whit,Ropking,8/30/2020,2
355,Janeen,Quakley,3/8/2020,3
356,Ilka,Tremoulet,11/16/2020,3
357,Cheston,Santino,3/11/2020,11
358,Sergei,Shalloo,9/19/2020,10
359,Morgana,Harniman,12/5/2020,2
360,Theodoric,Hryncewicz,5/20/2020,3
361,Jobi,Doswell,11/11/2020,12
362,Dianne,Enrrico,10/24/2020,12
363,Ramona,Bishop,12/24/2020,3
364,Adelheid,Manning,5/9/2020,10
365,Elihu,Beadel,10/20/2020,12
366,Gabriellia,Sperring,9/15/2020,6
367,Obediah,Ellerey,9/12/2020,8
368,Salvador,Lowes,12/4/2020,7
369,Barny,Antrack,1/7/2021,7
370,Rora,Ivan,2/23/2021,12
371,Mame,Leiden,8/23/2020,2
372,Bevan,Southby,8/1/2020,5
373,Farrand,Butler-Bowdon,10/23/2020,7
374,Giselbert,Coast,10/6/2020,2
375,Darby,Elphey,1/28/2021,10
376,Jed,Riddington,5/23/2020,2
377,Bobby,Djekovic,1/16/2021,8
378,Allie,Roblin,10/21/2020,11
379,Odele,MacMeekan,7/14/2020,7
380,Yoko,Gobbett,2/24/2020,5
381,Josey,Dosdale,9/24/2020,5
382,Kleon,Crusham,11/14/2020,9
383,Claribel,Kither,8/23/2020,2
384,Cornelle,Simic,7/15/2020,2
385,Charisse,Petit,2/3/2021,4
386,Davey,Blair,5/25/2020,6
387,Revkah,Paiton,12/16/2020,6
388,Kyrstin,Heaviside,1/9/2021,6
389,Eduard,Sissens,5/24/2020,5
390,Pattie,Guinness,11/10/2020,4
391,Chadwick,Templeman,3/18/2020,7
392,Brandon,Haddow,3/10/2020,2
393,Kermy,Jeppensen,1/13/2021,10
394,Paco,Couper,2/26/2020,7
395,Ike,McCarrick,10/4/2020,1
396,Sophi,Le Barr,9/18/2020,10
397,Olivero,Jedrzejkiewicz,5/8/2020,1
398,Adolph,Shapera,5/31/2020,10
399,Hynda,Camillo,8/31/2020,6
400,Garrott,Boyda,12/9/2020,5
401,Kyle,Aspden,2/28/2020,1
402,Shel,Targe,5/17/2020,4
403,Jacques,Raikes,10/17/2020,2
404,Catherin,Avon,2/8/2021,11
405,Ulrich,Havick,7/29/2020,5
406,Lilith,Jaouen,11/6/2020,10
407,Jeromy,Tebbitt,11/18/2020,9
408,Stanfield,Bortolussi,8/2/2020,12
409,Ilsa,Fossick,1/5/2021,11
410,Genia,Corbyn,12/7/2020,4
411,Dorree,Peyton,10/25/2020,10
412,Novelia,Paumier,4/18/2020,4
413,Clareta,Manston,12/15/2020,9
414,Thibaut,Enbury,12/14/2020,1
415,Lauretta,Wilder,1/12/2021,10
416,Audre,Wigzell,11/27/2020,12
417,Tiffani,Rottcher,7/6/2020,5
418,Janean,Wilsone,7/30/2020,12
419,Angelia,MacKimmie,3/25/2020,12
420,Lamar,Hovey,3/30/2020,8
421,Cheri,Labes,9/30/2020,1
422,Aubrette,Troucher,10/12/2020,4
423,Geri,De Freyne,3/17/2020,9
424,Robinia,Willatt,11/18/2020,1
425,Vannie,Notley,1/10/2021,2
426,Julio,Merrywether,10/16/2020,2
427,Morey,Autrie,12/8/2020,6
428,Jenna,Brotherheed,10/23/2020,6
429,Giulio,Balfour,1/21/2021,1
430,Jacob,Mulholland,12/24/2020,4
431,Arlinda,Abramamovh,9/12/2020,2
432,Mario,Freear,4/8/2020,7
433,Elyse,Schiesterl,4/27/2020,5
434,Trumann,Macey,9/9/2020,2
435,Kirstin,Sellors,10/7/2020,1
436,Josh,Spencook,7/27/2020,3
437,Alanna,Housecraft,1/26/2021,3
438,Jacintha,Blanchard,12/24/2020,3
439,Lambert,Yedy,5/30/2020,4
440,Lovell,Shiril,11/12/2020,5
441,Lorant,Dorton,11/4/2020,4
442,Jodi,Tumpane,7/4/2020,6
443,Iseabal,Fulcher,9/8/2020,3
444,Tedda,Deshorts,5/15/2020,11
445,Ingar,Bagnall,12/17/2020,12
446,Eilis,McNeigh,3/7/2020,11
447,Holt,Quinnelly,10/24/2020,8
448,Jessamine,Martinho,9/29/2020,8
449,Daveen,Dedham,10/26/2020,11
450,Kipp,Pruvost,11/16/2020,1
451,Lynde,Levy,2/15/2021,3
452,Correna,Rigney,10/10/2020,10
453,Sondra,Huzzay,11/10/2020,11
454,Sherman,Stonestreet,1/22/2021,7
455,Shandie,Spat,5/3/2020,4
456,Gillie,Dibdin,5/26/2020,6
457,Daron,Lafrentz,2/18/2021,5
458,Gothart,Philipart,12/1/2020,9
459,Chickie,Glidder,3/20/2020,12
460,Kile,Mallan,5/22/2020,9
461,Kalina,Yegorovnin,5/24/2020,7
462,Carolan,Ashbridge,5/14/2020,9
463,Maryann,Oldham,1/4/2021,3
464,Lorens,Tether,5/30/2020,9
465,Julienne,Hyett,1/2/2021,11
466,Clay,Rein,8/2/2020,4
467,Oneida,Rubinowitsch,4/1/2020,2
468,Cassandra,Babinski,9/12/2020,5
469,Caritta,Garroway,1/28/2021,11
470,Jerrome,Whartonby,2/9/2021,12
471,Matty,Espino,11/19/2020,11
472,Sile,Seear,3/1/2020,9
473,Lucky,Stammer,7/11/2020,3
474,Felizio,Pashenkov,4/10/2020,6
475,Townie,Byer,4/6/2020,7
476,Dukey,Cargenven,5/20/2020,1
477,Bobina,Heinzel,5/10/2020,5
478,Emmi,Zylbermann,9/24/2020,6
479,Ursulina,Frizzell,5/31/2020,1
480,Allix,Gomez,7/3/2020,12
481,Lou,Kenrick,9/26/2020,3
482,Bari,Rising,12/21/2020,1
483,Bobine,Errey,3/23/2020,1
484,Lilias,Speake,9/25/2020,2
485,Corella,Mimmack,10/12/2020,9
486,Brianna,Donavan,7/21/2020,11
487,Agnesse,Dyton,8/6/2020,7
488,Cris,Whayman,12/26/2020,11
489,Maura,Toopin,9/12/2020,10
490,Fannie,Dunbavin,3/1/2020,9
491,Tracey,Riguard,12/15/2020,4
492,Maurizio,Copper,10/16/2020,7
493,Iorgo,Ellins,7/12/2020,8
494,Elyn,Hune,5/8/2020,11
495,Shep,Goodhand,6/1/2020,11
496,Dani,Holleworth,3/8/2020,9
497,Hesther,Armatys,1/2/2021,2
498,Isac,Bonus,11/2/2020,5
499,Reyna,Cone,12/14/2020,7
500,Gaye,Nuss,2/21/2021,12
501,Quentin,Charlo,2/1/2021,11
502,Kori,Panketh,1/17/2021,9
503,Alexi,Champkin,10/15/2020,4
504,Leonanie,Brann,6/15/2020,10
505,Agatha,Stoaks,1/1/2021,6
506,Maddy,Sebrook,4/11/2020,7
507,Ingra,Laven,4/29/2020,1
508,Larine,Bovey,12/11/2020,2
509,Naomi,Allright,8/16/2020,5
510,Durward,Rysom,4/20/2020,5
511,Ber,Tille,9/23/2020,6
512,Larisa,Joesbury,4/18/2020,10
513,Langsdon,Nairy,6/13/2020,10
514,Julita,Polak,9/15/2020,12
515,Flossie,Vosper,8/8/2020,1
516,Adair,Tingcomb,3/24/2020,9
517,Doria,Liston,3/20/2020,8
518,Chevalier,Cristobal,9/3/2020,7
519,Becky,Frankis,9/30/2020,7
520,Noble,Tudbald,3/22/2020,9
521,Arabele,Toal,5/12/2020,10
522,Reilly,Gawkes,2/28/2020,4
523,Vivian,Westhoff,11/15/2020,1
524,Clim,Ricardin,11/23/2020,9
525,Kele,Maling,5/29/2020,4
526,Lonee,Swindlehurst,10/31/2020,8
527,Spencer,Vernall,9/14/2020,9
528,Garland,Hudspith,2/26/2020,7
529,Tawnya,Edmott,6/4/2020,2
530,Jacintha,Rioch,7/23/2020,12
531,Theda,De Ambrosis,6/2/2020,9
532,Booth,Gasking,4/16/2020,9
533,Zed,Bartos,3/26/2020,4
534,Emanuel,Gransden,12/1/2020,4
535,Madlen,Lutton,12/6/2020,4
536,Rosabelle,Fardo,3/1/2020,4
537,Jammie,Drinkwater,2/18/2021,10
538,Fin,Shilstone,2/9/2021,12
539,Bobbi,Merrifield,5/17/2020,5
540,Felisha,Cutcliffe,8/11/2020,4
541,Luise,Gerin,4/27/2020,7
542,Tye,Libero,5/15/2020,7
543,Genvieve,Huckfield,7/27/2020,1
544,Gerda,Betterton,7/10/2020,3
545,Wallie,Lenz,12/23/2020,11
546,Joana,Canto,10/24/2020,12
547,Sharleen,Zeale,8/8/2020,9
548,Netty,Renison,7/2/2020,8
549,Riobard,Mumbey,5/13/2020,10
550,Jermaine,Bryer,2/11/2021,12
551,Hildy,Scantleberry,11/24/2020,9
552,Revkah,Defond,11/21/2020,6
553,Major,Lake,6/3/2020,8
554,Kinsley,Sloss,7/10/2020,1
555,Wini,Blewett,7/24/2020,3
556,Tallou,Gregersen,5/14/2020,7
557,Kaja,Jacquemet,3/29/2020,6
558,Jaquelyn,Innis,8/16/2020,3
559,Sim,Baine,7/25/2020,7
560,Abigale,Bernardin,12/30/2020,11
561,Tobin,Cowie,7/29/2020,3
562,Idalia,Ilieve,6/16/2020,1
563,Lavena,Demare,3/8/2020,11
564,Cynde,McSperrin,3/7/2020,10
565,Worden,Kleinzweig,11/9/2020,4
566,Alfredo,Dankersley,10/29/2020,5
567,Eamon,Carty,9/9/2020,6
568,Deanne,McKeon,10/1/2020,2
569,Ronny,Stibbs,10/3/2020,7
570,Magda,Pimblott,4/10/2020,5
571,Sharl,Crosskill,8/3/2020,7
572,Allix,Dumberrill,5/24/2020,2
573,Stern,Pawfoot,12/16/2020,5
574,Joelie,Robertucci,6/12/2020,7
575,Camellia,Syder,10/26/2020,6
576,Tierney,Gundrey,1/13/2021,7
577,Rozanne,MacKaig,8/11/2020,8
578,Trula,Parrington,2/9/2021,10
579,Anselma,Pedwell,3/7/2020,6
580,Burtie,Hazart,9/21/2020,12
581,Nola,O'Mohun,9/19/2020,5
582,Ted,Copson,1/10/2021,4
583,Raquel,Spirritt,8/5/2020,9
584,Garik,Gledhill,9/22/2020,4
585,Alma,Maffey,4/20/2020,1
586,Corney,Jeremaes,9/1/2020,7
587,Christin,Baudassi,11/3/2020,12
588,Lorette,Salliere,9/21/2020,2
589,Genevieve,Milington,4/30/2020,12
590,Ada,Camerana,1/10/2021,10
591,Alejandrina,Klaassens,1/7/2021,10
592,Lorinda,Castelain,12/3/2020,4
593,Leonid,McAlpine,5/2/2020,10
594,Nobe,Fearney,10/24/2020,12
595,Ilse,McAvaddy,8/10/2020,3
596,Etienne,Poynton,12/17/2020,4
597,Franzen,Balloch,6/25/2020,12
598,Winslow,Gennerich,8/17/2020,8
599,Lorilee,Durtnel,6/18/2020,3
600,Charyl,Bicker,1/2/2021,8
601,Adolphus,Stuttard,12/21/2020,9
602,Davita,Blease,3/31/2020,11
603,Kinsley,Koppke,10/28/2020,8
604,Ileane,Chesterfield,11/21/2020,10
605,Obadiah,Mauchline,5/29/2020,4
606,Katharina,Dedney,10/13/2020,2
607,Hilario,Talman,9/13/2020,11
608,Modestia,Blueman,12/22/2020,9
609,Shandra,Mulrenan,9/16/2020,5
610,Nance,D'Errico,7/4/2020,1
611,Lotti,Pitman,4/9/2020,1
612,Ernestus,Burburough,5/8/2020,9
613,Tuck,Kisbey,2/23/2021,12
614,Juditha,Hassey,11/13/2020,8
615,Arlan,Malloch,8/15/2020,3
616,Morgen,Arundel,10/28/2020,6
617,Isidro,Gealy,5/24/2020,10
618,Gare,Boick,4/22/2020,6
619,Frederico,Kuhl,6/28/2020,5
620,Alverta,Bebb,6/22/2020,11
621,Ernaline,Pidwell,2/23/2021,10
622,Elka,Mordecai,7/11/2020,4
623,Arni,Dormon,2/22/2021,10
624,Bucky,Quirke,7/21/2020,3
625,Wright,Corkel,2/23/2021,12
626,Robinetta,Zambon,8/23/2020,4
627,Arturo,Billam,7/21/2020,8
628,Sallyann,Ellit,8/15/2020,11
629,Jennica,Lappin,6/13/2020,12
630,El,Eisikowitch,8/28/2020,9
631,Roman,Siverns,12/14/2020,12
632,Jenilee,Filintsev,3/20/2020,4
633,Melinda,Keynes,12/24/2020,5
634,Hermine,Bragg,8/2/2020,5
635,Nichole,Heinrici,3/27/2020,6
636,Batsheva,Ouchterlony,11/29/2020,10
637,Mic,Ledwitch,11/8/2020,5
638,Loni,Sowray,5/17/2020,1
639,Daveen,Skechley,10/23/2020,8
640,Irvin,Punter,10/18/2020,6
641,Arlyn,MacAllan,10/11/2020,7
642,Karee,Woollhead,4/27/2020,6
643,Lorettalorna,Joselevitz,10/5/2020,6
644,Gianna,Bestwick,9/9/2020,2
645,Leonore,Bunton,2/4/2021,6
646,Mariya,Jedrych,11/5/2020,8
647,Mureil,Maywood,1/4/2021,10
648,Isac,Pleming,9/26/2020,4
649,Daryl,Fireman,4/10/2020,11
650,Gaby,Lathee,11/5/2020,4
651,Loralie,Button,6/28/2020,11
652,Lanna,Oen,7/22/2020,10
653,Silas,Bortoluzzi,9/15/2020,10
654,Herold,Alfonsetto,11/6/2020,7
655,Greg,Wiggam,1/16/2021,4
656,Krishna,Elderidge,8/16/2020,1
657,Abramo,Muttock,7/21/2020,10
658,Deerdre,Rishman,10/3/2020,11
659,Tedi,Weth,1/8/2021,10
660,Chaddie,Noden,7/26/2020,2
661,Clair,Leming,9/18/2020,1
662,Scarface,Eldered,3/8/2020,4
663,Tania,Totman,12/23/2020,3
664,Kev,Hrinchenko,12/26/2020,11
665,Opal,Keat,7/21/2020,2
666,Dominique,Bramhall,4/24/2020,12
667,Larissa,Trahar,6/3/2020,9
668,Othella,Romain,1/1/2021,4
669,Axel,Riach,8/30/2020,2
670,Brandy,Kiddell,12/3/2020,2
671,Chelsie,Halegarth,12/21/2020,9
672,Darren,Gianni,9/13/2020,5
673,Kimble,Cowterd,7/15/2020,5
674,Jolee,Isenor,9/15/2020,4
675,Gianna,Haddleston,3/16/2020,10
676,Etti,Knappe,8/9/2020,3
677,Jerry,Fewell,7/17/2020,12
678,Caty,Ortsmann,7/14/2020,3
679,Daniel,Cowtherd,5/15/2020,12
680,Aloysius,Martt,1/16/2021,6
681,Stanleigh,Ranscome,4/6/2020,1
682,Mariel,Oger,6/9/2020,10
683,Carney,Peal,1/4/2021,11
684,Koo,Degg,12/30/2020,12
685,Sibelle,Scotter,11/28/2020,6
686,Florri,McLucky,7/6/2020,4
687,Godart,Goodliffe,11/26/2020,10
688,Whitman,Edlyne,7/11/2020,1
689,Jonis,Ruddin,2/27/2020,9
690,Layla,Jury,10/10/2020,4
691,Jeremy,Mathivat,10/23/2020,4
692,Roxana,McKain,2/4/2021,6
693,Charmain,Tuhy,5/28/2020,3
694,Jecho,Ozelton,10/18/2020,8
695,Gene,Matula,11/15/2020,9
696,Athena,Kless,2/18/2021,8
697,Lamond,Haisell,5/7/2020,3
698,Vance,Winman,5/20/2020,12
699,Suzann,Haighton,8/13/2020,1
700,Lolita,Dosdill,3/22/2020,5
701,Maisie,Standrin,11/15/2020,10
702,Carmita,Tampion,4/15/2020,6
703,Mela,Hartil,2/20/2021,1
704,Monti,Ericssen,8/28/2020,9
705,Arch,Rubinowicz,8/2/2020,6
706,Julius,Clutterham,4/12/2020,5
707,Nerte,Wiltshaw,7/9/2020,8
708,Lucinda,Donalson,1/18/2021,9
709,Daryl,Mesant,10/3/2020,7
710,Shanan,Conibear,7/2/2020,1
711,Toni,Bridgens,1/12/2021,10
712,Sile,Carbine,3/6/2020,10
713,Zed,Coase,10/31/2020,8
714,Casar,Belleny,5/5/2020,5
715,Marion,Hardaker,11/2/2020,8
716,Douglass,Cardoso,9/10/2020,7
717,Edgar,Tall,3/29/2020,9
718,Palmer,Sewards,11/10/2020,10
719,Niko,Cutridge,8/31/2020,11
720,Ellis,Catterall,2/17/2021,5
721,Franny,Robilart,3/11/2020,2
722,Mirna,Cunnell,5/18/2020,2
723,Osbourne,Gogarty,7/15/2020,3
724,Darb,Scartifield,10/1/2020,11
725,Dewie,Quant,10/23/2020,9
726,Con,De Mitris,12/18/2020,10
727,Loralee,Gredden,9/1/2020,5
728,Nike,Ackenson,3/31/2020,11
729,Ebenezer,Shasnan,7/30/2020,1
730,Cristi,Gosforth,2/17/2021,7
731,Hinze,Manston,5/17/2020,8
732,Melantha,Cesconi,5/3/2020,5
733,Emilio,Haselup,1/11/2021,12
734,Roberto,Shelmerdine,9/4/2020,8
735,Mandy,Brager,8/8/2020,5
736,Frans,Richardet,11/30/2020,2
737,Torey,Mc Dermid,7/17/2020,7
738,Hugo,Laidlow,1/25/2021,10
739,Eli,Lammertz,5/16/2020,8
740,Giulietta,Awmack,3/19/2020,7
741,Milton,Housiaux,11/6/2020,7
742,Francklyn,Josephy,3/5/2020,6
743,Casi,Babalola,10/20/2020,8
744,Mayne,Kean,3/30/2020,7
745,Holmes,Sitlington,12/24/2020,11
746,Bird,Truckett,1/29/2021,9
747,Veronika,Ernshaw,3/20/2020,10
748,Johnnie,Jorry,12/16/2020,6
749,Brittani,Eck,3/17/2020,5
750,Tamiko,McIlwraith,4/13/2020,8
751,Mal,Hattoe,10/9/2020,12
752,Bette-ann,Paggitt,7/24/2020,7
753,Ann-marie,Bilson,6/2/2020,7
754,Ralina,Andrey,8/7/2020,5
755,Dennison,O'Dunniom,8/26/2020,6
756,Cyndi,Trunby,3/13/2020,9
757,Gabi,Lefley,3/30/2020,1
758,Celestia,Crosswaite,2/14/2021,3
759,Hayes,Yanez,11/8/2020,3
760,Ken,Robus,7/31/2020,3
761,Major,Sabatini,1/21/2021,4
762,Cletus,Guilloton,2/7/2021,12
763,Dugald,Cromett,8/3/2020,6
764,Julissa,Chamberlain,5/26/2020,1
765,Kristoffer,Blabber,9/4/2020,4
766,Sherye,MacChaell,7/8/2020,4
767,Annadiane,Rowling,3/21/2020,4
768,Shae,Radeliffe,3/26/2020,3
769,Hestia,Hanmer,1/20/2021,3
770,Alethea,Borne,3/5/2020,12
771,Mickie,Ruddy,5/13/2020,5
772,Burl,Jorry,2/6/2021,1
773,Molly,Woodall,6/3/2020,5
774,Jed,Dudenie,8/15/2020,1
775,Aurea,Colvill,2/8/2021,11
776,Kiley,Blees,4/14/2020,7
777,Linell,Franzetti,4/12/2020,8
778,Cly,Whitlaw,1/28/2021,4
779,Alfy,Forson,5/27/2020,9
780,Robbyn,Morewood,5/26/2020,6
781,Stephine,Axon,7/27/2020,7
782,Bridgette,McDougall,11/30/2020,8
783,Dara,Goulthorp,3/25/2020,11
784,Wilton,Hugnot,8/24/2020,12
785,Rachael,Cummings,3/23/2020,9
786,Mallory,Llorens,3/6/2020,7
787,Merrel,Rackam,11/19/2020,3
788,Joachim,Bavister,5/25/2020,10
789,Jaquith,Garside,6/10/2020,3
790,Jessie,Roscher,10/31/2020,8
791,Gale,Scurman,1/20/2021,3
792,Gilligan,Roset,3/25/2020,9
793,Dody,Diglin,3/29/2020,8
794,Cindee,McKilroe,10/2/2020,12
795,Wain,Jerwood,9/14/2020,6
796,Fara,Bayliss,9/10/2020,7
797,Olin,Yitzovicz,7/20/2020,10
798,Michael,Hessle,6/9/2020,1
799,Nelly,Cowins,1/17/2021,11
800,Vonnie,Cubin,3/14/2020,1
801,Gwen,Reece,3/2/2020,11
802,Jannel,Manass,6/3/2020,1
803,Joycelin,Abreheart,3/12/2020,11
804,Sapphire,Crilley,6/28/2020,1
805,Rowe,Benois,3/25/2020,7
806,Stephi,Spedroni,4/15/2020,2
807,Coletta,Coners,6/18/2020,6
808,Sumner,Ebanks,8/31/2020,6
809,Margery,Biggen,5/6/2020,2
810,Sunshine,Hallick,9/24/2020,3
811,Jolyn,Caygill,4/21/2020,9
812,Trumann,Petrovsky,6/6/2020,11
813,Diann,Christoffe,5/25/2020,10
814,Ximenez,Petley,9/29/2020,7
815,Ayn,Le Borgne,1/3/2021,8
816,Nadia,Keoghane,4/22/2020,9
817,Faber,Goodburn,6/11/2020,7
818,Lorette,Vida,9/11/2020,8
819,Ernestus,Haugen,3/15/2020,2
820,Kip,Corah,11/4/2020,2
821,Elvira,Stoyle,10/24/2020,3
822,Catha,Royson,8/20/2020,11
823,Loy,Shemilt,5/9/2020,10
824,Valene,Mucklo,8/19/2020,1
825,Shir,O'Sharkey,4/15/2020,3
826,Brandi,Wilcinskis,11/9/2020,9
827,Bernadene,Beachamp,4/6/2020,6
828,Celesta,Carwithen,6/8/2020,7
829,Rodrigo,Farrent,7/16/2020,10
830,Christa,Boullin,9/8/2020,11
831,Rossie,Border,6/4/2020,4
832,Kerstin,Breeze,7/3/2020,6
833,Vidovik,Crotch,12/8/2020,9
834,Mortie,Jagielski,2/16/2021,1
835,Angil,Channer,3/16/2020,5
836,Malachi,Rettie,5/17/2020,9
837,Agnella,Beekman,6/11/2020,3
838,Gregory,Lamacraft,5/29/2020,7
839,Prescott,Sich,12/22/2020,7
840,Rivkah,Dovey,11/16/2020,4
841,Caddric,Giacopini,9/26/2020,12
842,Domini,McDuff,1/13/2021,4
843,Easter,Barlow,11/28/2020,7
844,Luciano,Wones,1/20/2021,12
845,Roby,Sheehan,3/11/2020,1
846,Bail,Rodenhurst,6/30/2020,10
847,Fidelia,Harm,11/12/2020,4
848,Jacquie,Ponton,6/16/2020,8
849,Fran,Padrick,7/12/2020,1
850,Leonardo,Sharkey,4/7/2020,11
851,Tamqrah,Robrose,11/8/2020,6
852,Moishe,McKibben,2/12/2021,5
853,Desiri,Toon,8/23/2020,10
854,Hugo,Girardin,10/8/2020,3
855,Den,Learmond,6/2/2020,11
856,Gawain,Titmuss,10/28/2020,6
857,Nikolas,Yorkston,9/29/2020,9
858,Carrissa,Zold,2/15/2021,9
859,Von,Carthy,6/20/2020,11
860,Randolph,Andell,11/29/2020,3
861,Nathanael,Oxberry,4/24/2020,2
862,Eb,Mibourne,11/14/2020,7
863,Denney,Woolfenden,11/27/2020,12
864,Shepperd,Steptowe,2/14/2021,11
865,Hillery,Hazle,7/11/2020,2
866,Amelita,Bourthouloume,6/6/2020,10
867,Faina,Chat,12/31/2020,8
868,Gabriel,Nesterov,10/20/2020,8
869,Berkie,Elsbury,3/8/2020,10
870,Liz,Estick,9/18/2020,3
871,Valenka,Scoyles,11/4/2020,12
872,Gena,Suston,1/21/2021,3
873,Gigi,Sibley,12/25/2020,1
874,Rosalinde,Spring,6/13/2020,5
875,Carina,Gauvin,1/9/2021,11
876,Herta,Allmann,10/2/2020,9
877,Glenn,Lockart,9/10/2020,6
878,Lulita,Warstall,3/13/2020,10
879,Lila,Bredbury,7/3/2020,1
880,Ebba,Rossin,11/12/2020,8
881,Mack,Eddicott,5/15/2020,3
882,Monte,Dymocke,6/23/2020,3
883,Den,Lugsdin,6/19/2020,10
884,Lars,Elacoate,8/3/2020,3
885,Ikey,Christou,8/31/2020,2
886,Clara,Vince,7/19/2020,2
887,Hurleigh,Riha,11/8/2020,4
888,Cassondra,Jansson,2/28/2020,10
889,Chase,Scandwright,3/21/2020,8
890,Ricky,Boal,7/14/2020,6
891,Corby,Glewe,12/19/2020,1
892,Arlee,Rampton,7/4/2020,6
893,Jeffy,Tissiman,12/8/2020,5
894,Bruce,Kubiak,6/2/2020,11
895,Clerkclaude,Forsbey,2/14/2021,9
896,Verile,Ziemens,7/29/2020,4
897,Albina,Tumulty,6/18/2020,8
898,Nero,Lecky,11/5/2020,5
899,Henry,Caulder,9/11/2020,11
900,Saunders,Laybourne,4/3/2020,2
901,Meta,Grayston,4/8/2020,2
902,Korie,Jizhaki,10/22/2020,10
903,Ronica,Conibere,10/15/2020,8
904,Monte,Rallings,12/25/2020,10
905,Royall,Hamly,2/13/2021,7
906,Leia,Harvie,3/8/2020,1
907,Crin,Davydychev,9/22/2020,10
908,Carrissa,Renak,1/16/2021,5
909,Elia,Dominicacci,12/2/2020,7
910,Liva,Brownell,8/29/2020,11
911,Carilyn,Thorington,3/4/2020,8
912,Sal,McMurtyr,6/29/2020,11
913,Scotti,Brenstuhl,9/2/2020,10
914,Myranda,Lunn,9/27/2020,11
915,Michail,Skellern,9/23/2020,6
916,Wyndham,Artist,8/19/2020,8
917,Shae,Levee,3/17/2020,8
918,Orel,Pedlingham,5/11/2020,2
919,Carl,Traynor,11/7/2020,8
920,Davina,Sidnell,5/2/2020,1
921,Nikaniki,Engelbrecht,8/26/2020,8
922,Jessee,O'Reilly,6/19/2020,12
923,Liv,Wilkowski,11/16/2020,10
924,Lisbeth,Puleque,10/25/2020,12
925,Leone,McVie,11/18/2020,8
926,Mercedes,Cremen,8/3/2020,10
927,Clemmie,Beat,8/11/2020,10
928,Erika,Held,8/17/2020,2
929,Druci,De Anesy,6/20/2020,4
930,Emelia,Larrosa,10/4/2020,1
931,Sawyer,Bohlmann,2/24/2020,10
932,Ardeen,Ladon,10/26/2020,9
933,Erin,Warburton,12/10/2020,3
934,Haley,Whyard,5/23/2020,11
935,Caryl,Rubinivitz,9/27/2020,3
936,Elyn,Eckh,11/25/2020,5
937,Vidovic,Fairholme,1/8/2021,12
938,Minta,Rowland,4/5/2020,8
939,Wallis,Alder,12/22/2020,2
940,Charleen,Pund,6/22/2020,2
941,Trisha,O'Sherin,7/13/2020,10
942,Briny,Castellanos,2/27/2020,4
943,Tadio,Ottiwill,1/23/2021,5
944,Nikoletta,Wittier,12/15/2020,5
945,Garvey,Clere,1/31/2021,9
946,Nicky,Gile,5/2/2020,5
947,Tiff,Penkman,12/1/2020,2
948,Vikki,Petrina,6/1/2020,8
949,Hollie,Linwood,12/24/2020,2
950,Karalynn,Durber,5/5/2020,10
951,Francine,Kohlerman,2/27/2020,12
952,Ingaberg,Boog,4/17/2020,11
953,Dannye,Izchaki,11/3/2020,7
954,Nathalia,Doale,3/28/2020,8
955,Mariel,Savine,3/20/2020,3
956,Atlante,Clousley,6/4/2020,7
957,Avrit,Ironside,10/8/2020,3
958,Essa,Spyer,10/22/2020,1
959,Lynnett,Buttrick,2/28/2020,4
960,Peyter,Duinkerk,2/13/2021,5
961,Robbie,Bythell,1/17/2021,6
962,Keslie,Howels,4/14/2020,11
963,Annadiane,Hasely,7/28/2020,11
964,Munroe,Shippey,3/31/2020,3
965,Mariann,Parrish,9/15/2020,11
966,Elfie,Cope,4/14/2020,10
967,Ermentrude,Vanyushin,6/14/2020,3
968,Pearla,Burehill,3/7/2020,10
969,Claiborne,Farens,9/16/2020,5
970,Merralee,Burdett,5/26/2020,4
971,Geoff,Slimm,6/12/2020,10
972,Harold,Rehorek,12/21/2020,3
973,Holly,Eyles,2/14/2021,6
974,Bernelle,Gymblett,1/23/2021,6
975,Mort,Peeter,3/6/2020,1
976,Sue,Dobby,8/26/2020,9
977,Randa,Abercrombie,11/16/2020,6
978,Kerri,Murdy,8/22/2020,5
979,Lauree,Lamden,1/23/2021,10
980,Anatollo,Binding,6/27/2020,7
981,Desdemona,Rheubottom,8/1/2020,9
982,Beilul,McPhillimey,9/19/2020,2
983,Cyrille,Vink,9/23/2020,5
984,Kaspar,Search,1/12/2021,1
985,Flore,Shelborne,12/17/2020,6
986,Linda,Lamberton,7/27/2020,6
987,Pepillo,Barbour,4/3/2020,8
988,Lesli,Fullard,7/5/2020,10
989,Delbert,Cornuau,10/11/2020,1
990,Tarrance,Dunbleton,2/26/2020,1
991,Kenny,Hatz,4/23/2020,2
992,Pietra,Rathjen,12/24/2020,9
993,Erminia,Shiril,6/7/2020,10
994,Archer,Toleman,2/29/2020,9
995,Spencer,Ayars,1/26/2021,2
996,Elane,Ondrus,12/25/2020,11
997,Patten,Philipard,5/11/2020,1
998,Annabell,O'Cullinane,3/18/2020,10
999,Adey,Dudeney,3/4/2020,2
1000,Cazzie,West,2/13/2021,6
